cluster_id,image_index
4,0
3,1
3,2
0,3
3,4
2,5
2,6
2,7
2,8
1,9
0,10
0,11
0,12
1,13
4,14
1,15
1,16
0,17
3,18
3,19
3,20
2,21
3,22
1,23
1,24
1,25
3,26
3,27
0,28
0,29
4,30
3,31
0,32
0,33
0,34
4,35
2,36
2,37
2,38
0,39
2,40
3,41
2,42
1,43
1,44
1,45
4,46
1,47
3,48
0,49
0,50
2,51
2,52
4,53
3,54
4,55
4,56
3,57
0,58
0,59
1,60
0,61
4,62
4,63
2,64
2,65
1,66
1,67
2,68
3,69
2,70
0,71
0,72
3,73
2,74
0,75
3,76
3,77
4,78
4,79
0,80
2,81
0,82
0,83
1,84
3,85
0,86
2,87
3,88
0,89
3,90
0,91
1,92
0,93
0,94
3,95
2,96
1,97
0,98
1,99
3,100
0,101
1,102
0,103
1,104
3,105
0,106
3,107
2,108
2,109
0,110
2,111
0,112
0,113
1,114
2,115
3,116
2,117
0,118
2,119
0,120
1,121
0,122
4,123
4,124
0,125
1,126
4,127
1,128
1,129
0,130
1,131
0,132
0,133
3,134
3,135
0,136
3,137
0,138
4,139
1,140
2,141
3,142
4,143
0,144
0,145
2,146
3,147
0,148
0,149
0,150
1,151
0,152
0,153
0,154
0,155
2,156
2,157
1,158
3,159
2,160
2,161
0,162
3,163
2,164
3,165
3,166
0,167
2,168
0,169
1,170
0,171
2,172
3,173
3,174
3,175
2,176
4,177
1,178
3,179
2,180
3,181
2,182
0,183
1,184
4,185
4,186
2,187
3,188
3,189
1,190
2,191
1,192
0,193
2,194
0,195
0,196
0,197
0,198
2,199
0,200
0,201
3,202
0,203
2,204
2,205
0,206
0,207
4,208
0,209
4,210
3,211
0,212
0,213
0,214
3,215
3,216
4,217
1,218
0,219
3,220
0,221
3,222
4,223
0,224
4,225
4,226
0,227
0,228
3,229
3,230
0,231
3,232
0,233
0,234
1,235
4,236
1,237
0,238
0,239
1,240
4,241
4,242
2,243
0,244
0,245
0,246
1,247
2,248
2,249
1,250
0,251
1,252
1,253
1,254
1,255
2,256
4,257
2,258
4,259
0,260
0,261
2,262
3,263
2,264
2,265
1,266
4,267
2,268
1,269
0,270
3,271
3,272
0,273
4,274
0,275
1,276
0,277
2,278
3,279
3,280
0,281
0,282
2,283
1,284
2,285
0,286
1,287
1,288
0,289
4,290
2,291
0,292
3,293
0,294
2,295
0,296
2,297
0,298
2,299
0,300
4,301
1,302
2,303
2,304
0,305
4,306
2,307
3,308
4,309
1,310
1,311
0,312
3,313
2,314
2,315
0,316
4,317
1,318
4,319
0,320
0,321
2,322
2,323
2,324
1,325
1,326
2,327
0,328
1,329
0,330
0,331
3,332
1,333
0,334
1,335
0,336
2,337
2,338
3,339
4,340
3,341
0,342
0,343
2,344
2,345
4,346
4,347
2,348
4,349
3,350
3,351
4,352
3,353
0,354
2,355
0,356
3,357
4,358
0,359
1,360
2,361
0,362
0,363
0,364
4,365
0,366
3,367
0,368
3,369
2,370
3,371
0,372
0,373
3,374
0,375
0,376
2,377
3,378
4,379
0,380
2,381
3,382
2,383
0,384
2,385
2,386
0,387
3,388
0,389
2,390
4,391
4,392
3,393
0,394
2,395
0,396
0,397
1,398
2,399
0,400
0,401
0,402
0,403
2,404
4,405
0,406
4,407
0,408
3,409
4,410
0,411
2,412
2,413
3,414
2,415
0,416
4,417
0,418
0,419
0,420
4,421
1,422
3,423
0,424
4,425
0,426
1,427
2,428
0,429
0,430
4,431
1,432
3,433
1,434
4,435
3,436
3,437
1,438
1,439
2,440
1,441
4,442
2,443
4,444
4,445
0,446
3,447
1,448
2,449
3,450
0,451
1,452
0,453
3,454
0,455
3,456
2,457
2,458
0,459
3,460
0,461
2,462
1,463
2,464
2,465
4,466
3,467
2,468
0,469
1,470
0,471
1,472
3,473
0,474
2,475
0,476
0,477
3,478
0,479
4,480
0,481
2,482
3,483
1,484
0,485
1,486
4,487
0,488
2,489
0,490
0,491
0,492
3,493
2,494
0,495
1,496
2,497
2,498
2,499
2,500
0,501
4,502
1,503
2,504
0,505
0,506
0,507
1,508
4,509
2,510
2,511
1,512
4,513
4,514
0,515
1,516
0,517
0,518
3,519
2,520
2,521
2,522
4,523
0,524
2,525
4,526
4,527
0,528
3,529
3,530
0,531
2,532
4,533
1,534
2,535
2,536
0,537
0,538
0,539
0,540
3,541
0,542
3,543
0,544
4,545
0,546
3,547
1,548
0,549
4,550
3,551
3,552
3,553
4,554
2,555
3,556
3,557
0,558
0,559
0,560
3,561
0,562
2,563
2,564
1,565
3,566
1,567
4,568
2,569
2,570
0,571
3,572
4,573
0,574
3,575
0,576
0,577
4,578
3,579
3,580
3,581
2,582
2,583
4,584
2,585
0,586
1,587
2,588
2,589
0,590
3,591
4,592
1,593
1,594
0,595
0,596
1,597
4,598
1,599
0,600
0,601
2,602
0,603
4,604
3,605
3,606
1,607
2,608
2,609
2,610
0,611
2,612
4,613
0,614
1,615
3,616
0,617
0,618
3,619
3,620
2,621
0,622
0,623
0,624
0,625
3,626
0,627
1,628
3,629
4,630
0,631
0,632
2,633
2,634
2,635
2,636
3,637
4,638
2,639
0,640
4,641
0,642
3,643
0,644
2,645
0,646
0,647
1,648
2,649
4,650
0,651
2,652
4,653
1,654
2,655
2,656
0,657
4,658
0,659
3,660
0,661
1,662
0,663
2,664
1,665
2,666
2,667
2,668
4,669
3,670
0,671
1,672
2,673
1,674
0,675
4,676
1,677
1,678
3,679
1,680
0,681
4,682
0,683
2,684
3,685
3,686
0,687
0,688
4,689
0,690
0,691
0,692
2,693
0,694
0,695
3,696
4,697
0,698
2,699
3,700
0,701
0,702
3,703
2,704
0,705
3,706
0,707
0,708
1,709
1,710
1,711
0,712
2,713
1,714
4,715
2,716
3,717
3,718
2,719
0,720
1,721
0,722
2,723
4,724
1,725
0,726
0,727
2,728
2,729
4,730
4,731
4,732
0,733
2,734
3,735
0,736
2,737
2,738
2,739
4,740
2,741
4,742
3,743
1,744
0,745
2,746
1,747
0,748
2,749
0,750
1,751
2,752
0,753
0,754
2,755
0,756
3,757
1,758
2,759
3,760
0,761
4,762
0,763
0,764
0,765
1,766
0,767
2,768
0,769
2,770
1,771
4,772
2,773
0,774
3,775
0,776
0,777
1,778
0,779
3,780
0,781
2,782
4,783
0,784
2,785
2,786
4,787
2,788
4,789
1,790
2,791
2,792
1,793
4,794
0,795
1,796
3,797
3,798
1,799
3,800
2,801
3,802
0,803
3,804
2,805
0,806
0,807
0,808
1,809
0,810
3,811
3,812
4,813
0,814
2,815
4,816
0,817
0,818
1,819
2,820
0,821
0,822
2,823
0,824
1,825
4,826
3,827
1,828
0,829
0,830
4,831
1,832
1,833
1,834
2,835
0,836
4,837
0,838
0,839
0,840
0,841
0,842
4,843
0,844
0,845
0,846
0,847
0,848
3,849
3,850
2,851
3,852
4,853
3,854
3,855
4,856
3,857
2,858
0,859
0,860
0,861
4,862
3,863
2,864
0,865
0,866
4,867
2,868
1,869
3,870
0,871
0,872
4,873
3,874
2,875
0,876
2,877
4,878
2,879
0,880
3,881
0,882
4,883
1,884
3,885
3,886
0,887
0,888
0,889
1,890
3,891
2,892
3,893
0,894
2,895
4,896
1,897
0,898
0,899
0,900
2,901
0,902
0,903
0,904
2,905
1,906
0,907
4,908
0,909
0,910
3,911
2,912
2,913
0,914
3,915
0,916
2,917
3,918
1,919
2,920
0,921
1,922
0,923
3,924
2,925
0,926
0,927
1,928
2,929
0,930
3,931
2,932
2,933
1,934
2,935
4,936
1,937
0,938
0,939
0,940
0,941
1,942
0,943
4,944
4,945
0,946
1,947
4,948
0,949
2,950
2,951
2,952
0,953
3,954
3,955
3,956
1,957
4,958
0,959
1,960
3,961
3,962
2,963
3,964
2,965
3,966
4,967
2,968
1,969
2,970
4,971
3,972
3,973
4,974
0,975
1,976
2,977
3,978
0,979
2,980
2,981
3,982
2,983
0,984
2,985
0,986
4,987
2,988
4,989
0,990
3,991
0,992
4,993
1,994
1,995
4,996
2,997
1,998
3,999
0,1000
2,1001
2,1002
0,1003
4,1004
4,1005
3,1006
3,1007
3,1008
4,1009
2,1010
3,1011
2,1012
2,1013
0,1014
0,1015
1,1016
0,1017
2,1018
0,1019
2,1020
1,1021
3,1022
4,1023
4,1024
0,1025
1,1026
2,1027
0,1028
1,1029
4,1030
0,1031
4,1032
4,1033
4,1034
1,1035
4,1036
1,1037
3,1038
1,1039
2,1040
0,1041
1,1042
4,1043
0,1044
0,1045
4,1046
0,1047
0,1048
0,1049
0,1050
0,1051
2,1052
0,1053
0,1054
4,1055
4,1056
1,1057
0,1058
3,1059
1,1060
0,1061
4,1062
2,1063
0,1064
0,1065
1,1066
2,1067
2,1068
3,1069
0,1070
4,1071
1,1072
3,1073
2,1074
0,1075
0,1076
3,1077
4,1078
0,1079
0,1080
1,1081
4,1082
0,1083
2,1084
0,1085
0,1086
3,1087
4,1088
0,1089
1,1090
0,1091
0,1092
2,1093
0,1094
2,1095
3,1096
1,1097
0,1098
2,1099
3,1100
2,1101
4,1102
4,1103
2,1104
0,1105
4,1106
2,1107
0,1108
4,1109
0,1110
2,1111
0,1112
3,1113
1,1114
0,1115
2,1116
0,1117
3,1118
2,1119
0,1120
0,1121
0,1122
2,1123
0,1124
1,1125
0,1126
1,1127
2,1128
4,1129
1,1130
4,1131
3,1132
0,1133
0,1134
1,1135
0,1136
1,1137
0,1138
0,1139
3,1140
3,1141
1,1142
2,1143
3,1144
0,1145
2,1146
1,1147
3,1148
3,1149
2,1150
0,1151
0,1152
0,1153
4,1154
2,1155
1,1156
0,1157
0,1158
3,1159
3,1160
1,1161
2,1162
2,1163
1,1164
3,1165
0,1166
0,1167
0,1168
4,1169
1,1170
1,1171
4,1172
4,1173
2,1174
0,1175
3,1176
1,1177
0,1178
3,1179
3,1180
4,1181
4,1182
2,1183
2,1184
2,1185
0,1186
4,1187
0,1188
0,1189
0,1190
1,1191
0,1192
3,1193
4,1194
2,1195
2,1196
3,1197
0,1198
3,1199
2,1200
0,1201
3,1202
3,1203
0,1204
4,1205
1,1206
2,1207
3,1208
1,1209
0,1210
0,1211
4,1212
4,1213
0,1214
4,1215
3,1216
0,1217
3,1218
0,1219
4,1220
2,1221
0,1222
0,1223
2,1224
3,1225
2,1226
0,1227
0,1228
2,1229
4,1230
0,1231
4,1232
1,1233
3,1234
3,1235
3,1236
1,1237
2,1238
4,1239
0,1240
3,1241
4,1242
0,1243
3,1244
4,1245
3,1246
2,1247
1,1248
2,1249
1,1250
0,1251
0,1252
1,1253
3,1254
3,1255
0,1256
0,1257
1,1258
0,1259
2,1260
0,1261
1,1262
4,1263
2,1264
1,1265
1,1266
4,1267
2,1268
2,1269
0,1270
4,1271
0,1272
0,1273
3,1274
0,1275
2,1276
1,1277
1,1278
0,1279
4,1280
3,1281
0,1282
2,1283
3,1284
4,1285
3,1286
4,1287
4,1288
2,1289
4,1290
3,1291
3,1292
0,1293
3,1294
1,1295
4,1296
3,1297
1,1298
2,1299
0,1300
1,1301
1,1302
0,1303
0,1304
2,1305
0,1306
0,1307
3,1308
0,1309
0,1310
0,1311
2,1312
2,1313
0,1314
2,1315
0,1316
0,1317
2,1318
0,1319
4,1320
0,1321
3,1322
0,1323
4,1324
0,1325
2,1326
3,1327
3,1328
1,1329
2,1330
0,1331
2,1332
0,1333
0,1334
3,1335
0,1336
4,1337
4,1338
3,1339
4,1340
2,1341
4,1342
2,1343
1,1344
1,1345
2,1346
0,1347
4,1348
4,1349
4,1350
0,1351
0,1352
0,1353
4,1354
2,1355
4,1356
3,1357
0,1358
4,1359
1,1360
2,1361
3,1362
0,1363
0,1364
1,1365
0,1366
4,1367
3,1368
2,1369
4,1370
2,1371
0,1372
4,1373
1,1374
3,1375
3,1376
2,1377
1,1378
0,1379
0,1380
0,1381
3,1382
4,1383
0,1384
3,1385
1,1386
2,1387
1,1388
3,1389
0,1390
3,1391
0,1392
4,1393
3,1394
4,1395
2,1396
1,1397
1,1398
1,1399
1,1400
0,1401
2,1402
0,1403
2,1404
3,1405
4,1406
1,1407
0,1408
4,1409
3,1410
0,1411
1,1412
0,1413
1,1414
2,1415
1,1416
0,1417
4,1418
2,1419
4,1420
3,1421
2,1422
3,1423
1,1424
2,1425
2,1426
3,1427
0,1428
3,1429
1,1430
2,1431
0,1432
1,1433
3,1434
1,1435
1,1436
0,1437
4,1438
0,1439
0,1440
1,1441
3,1442
1,1443
0,1444
3,1445
4,1446
4,1447
0,1448
3,1449
0,1450
1,1451
1,1452
0,1453
4,1454
3,1455
4,1456
3,1457
0,1458
2,1459
3,1460
4,1461
0,1462
0,1463
1,1464
0,1465
4,1466
0,1467
0,1468
3,1469
0,1470
2,1471
2,1472
0,1473
0,1474
1,1475
0,1476
3,1477
0,1478
0,1479
2,1480
1,1481
0,1482
4,1483
0,1484
2,1485
3,1486
2,1487
1,1488
3,1489
2,1490
3,1491
0,1492
3,1493
1,1494
3,1495
2,1496
1,1497
1,1498
4,1499
0,1500
3,1501
0,1502
0,1503
3,1504
2,1505
2,1506
2,1507
2,1508
3,1509
0,1510
3,1511
2,1512
4,1513
2,1514
3,1515
2,1516
2,1517
0,1518
0,1519
0,1520
0,1521
2,1522
1,1523
4,1524
4,1525
3,1526
3,1527
3,1528
3,1529
3,1530
1,1531
2,1532
4,1533
4,1534
1,1535
1,1536
4,1537
0,1538
2,1539
0,1540
0,1541
0,1542
4,1543
0,1544
0,1545
0,1546
4,1547
4,1548
0,1549
0,1550
4,1551
1,1552
0,1553
3,1554
0,1555
2,1556
2,1557
3,1558
2,1559
1,1560
1,1561
1,1562
2,1563
4,1564
1,1565
4,1566
3,1567
1,1568
0,1569
1,1570
4,1571
4,1572
1,1573
4,1574
3,1575
4,1576
2,1577
0,1578
0,1579
2,1580
3,1581
0,1582
1,1583
2,1584
4,1585
2,1586
4,1587
3,1588
1,1589
4,1590
1,1591
0,1592
2,1593
4,1594
1,1595
2,1596
3,1597
3,1598
1,1599
2,1600
0,1601
1,1602
0,1603
0,1604
0,1605
0,1606
1,1607
1,1608
4,1609
3,1610
0,1611
3,1612
2,1613
4,1614
2,1615
4,1616
4,1617
1,1618
4,1619
4,1620
0,1621
2,1622
0,1623
0,1624
3,1625
2,1626
0,1627
1,1628
0,1629
1,1630
0,1631
0,1632
0,1633
2,1634
1,1635
0,1636
0,1637
1,1638
0,1639
1,1640
0,1641
3,1642
0,1643
0,1644
0,1645
4,1646
3,1647
4,1648
1,1649
0,1650
1,1651
2,1652
0,1653
0,1654
2,1655
4,1656
1,1657
0,1658
0,1659
1,1660
4,1661
1,1662
2,1663
3,1664
1,1665
2,1666
4,1667
1,1668
3,1669
2,1670
4,1671
3,1672
1,1673
3,1674
0,1675
0,1676
0,1677
0,1678
2,1679
3,1680
2,1681
2,1682
1,1683
3,1684
4,1685
0,1686
0,1687
4,1688
4,1689
0,1690
3,1691
4,1692
3,1693
0,1694
0,1695
4,1696
3,1697
0,1698
3,1699
4,1700
2,1701
0,1702
0,1703
1,1704
3,1705
0,1706
2,1707
0,1708
4,1709
1,1710
2,1711
0,1712
4,1713
0,1714
0,1715
3,1716
0,1717
1,1718
0,1719
0,1720
1,1721
1,1722
0,1723
0,1724
0,1725
1,1726
3,1727
2,1728
0,1729
0,1730
2,1731
4,1732
2,1733
0,1734
3,1735
2,1736
1,1737
4,1738
0,1739
2,1740
2,1741
2,1742
1,1743
3,1744
3,1745
2,1746
2,1747
0,1748
2,1749
1,1750
0,1751
3,1752
2,1753
0,1754
4,1755
4,1756
1,1757
2,1758
4,1759
0,1760
4,1761
1,1762
3,1763
2,1764
2,1765
1,1766
0,1767
2,1768
0,1769
2,1770
1,1771
0,1772
4,1773
0,1774
1,1775
1,1776
3,1777
2,1778
3,1779
1,1780
1,1781
2,1782
0,1783
2,1784
1,1785
2,1786
4,1787
2,1788
2,1789
4,1790
1,1791
0,1792
1,1793
0,1794
2,1795
1,1796
0,1797
1,1798
4,1799
0,1800
2,1801
1,1802
2,1803
1,1804
1,1805
3,1806
3,1807
1,1808
2,1809
3,1810
3,1811
2,1812
0,1813
3,1814
3,1815
0,1816
2,1817
3,1818
0,1819
1,1820
0,1821
0,1822
3,1823
0,1824
2,1825
4,1826
1,1827
3,1828
1,1829
2,1830
2,1831
2,1832
1,1833
2,1834
3,1835
0,1836
3,1837
4,1838
1,1839
0,1840
2,1841
2,1842
2,1843
1,1844
2,1845
0,1846
0,1847
2,1848
2,1849
0,1850
4,1851
2,1852
3,1853
1,1854
1,1855
2,1856
4,1857
0,1858
1,1859
0,1860
0,1861
1,1862
4,1863
3,1864
2,1865
0,1866
0,1867
4,1868
1,1869
3,1870
3,1871
3,1872
3,1873
0,1874
2,1875
0,1876
3,1877
0,1878
1,1879
0,1880
2,1881
4,1882
1,1883
4,1884
4,1885
3,1886
2,1887
2,1888
4,1889
1,1890
1,1891
3,1892
3,1893
0,1894
0,1895
2,1896
2,1897
0,1898
3,1899
0,1900
2,1901
2,1902
4,1903
1,1904
0,1905
2,1906
2,1907
1,1908
1,1909
2,1910
1,1911
1,1912
2,1913
0,1914
0,1915
3,1916
0,1917
0,1918
2,1919
0,1920
2,1921
3,1922
0,1923
3,1924
0,1925
3,1926
4,1927
0,1928
3,1929
2,1930
0,1931
4,1932
1,1933
4,1934
3,1935
0,1936
4,1937
1,1938
0,1939
4,1940
0,1941
0,1942
0,1943
4,1944
0,1945
1,1946
3,1947
1,1948
1,1949
3,1950
4,1951
2,1952
3,1953
1,1954
0,1955
1,1956
3,1957
4,1958
0,1959
2,1960
4,1961
0,1962
2,1963
1,1964
3,1965
0,1966
0,1967
4,1968
0,1969
2,1970
2,1971
2,1972
0,1973
4,1974
3,1975
0,1976
2,1977
4,1978
3,1979
1,1980
3,1981
4,1982
1,1983
2,1984
3,1985
0,1986
4,1987
0,1988
2,1989
1,1990
0,1991
0,1992
0,1993
3,1994
1,1995
3,1996
4,1997
0,1998
3,1999
3,2000
2,2001
1,2002
0,2003
4,2004
4,2005
0,2006
3,2007
1,2008
4,2009
1,2010
2,2011
0,2012
4,2013
0,2014
0,2015
3,2016
0,2017
2,2018
0,2019
3,2020
1,2021
2,2022
1,2023
3,2024
0,2025
3,2026
0,2027
2,2028
0,2029
4,2030
2,2031
3,2032
0,2033
0,2034
4,2035
0,2036
4,2037
4,2038
0,2039
2,2040
3,2041
0,2042
2,2043
2,2044
0,2045
3,2046
1,2047
2,2048
2,2049
3,2050
4,2051
2,2052
2,2053
3,2054
3,2055
1,2056
0,2057
0,2058
2,2059
3,2060
3,2061
0,2062
0,2063
2,2064
4,2065
0,2066
1,2067
3,2068
0,2069
2,2070
3,2071
2,2072
4,2073
2,2074
4,2075
0,2076
2,2077
1,2078
2,2079
2,2080
0,2081
4,2082
4,2083
3,2084
1,2085
2,2086
0,2087
3,2088
3,2089
3,2090
2,2091
2,2092
2,2093
2,2094
0,2095
0,2096
2,2097
2,2098
2,2099
3,2100
2,2101
2,2102
3,2103
4,2104
4,2105
0,2106
2,2107
4,2108
1,2109
0,2110
3,2111
0,2112
1,2113
2,2114
1,2115
0,2116
3,2117
4,2118
1,2119
3,2120
2,2121
2,2122
4,2123
1,2124
1,2125
0,2126
0,2127
0,2128
2,2129
1,2130
4,2131
2,2132
4,2133
2,2134
0,2135
4,2136
4,2137
0,2138
0,2139
0,2140
0,2141
3,2142
4,2143
2,2144
2,2145
0,2146
1,2147
0,2148
0,2149
0,2150
2,2151
4,2152
1,2153
2,2154
2,2155
0,2156
0,2157
0,2158
4,2159
3,2160
1,2161
0,2162
2,2163
0,2164
2,2165
2,2166
4,2167
0,2168
0,2169
2,2170
0,2171
3,2172
4,2173
2,2174
1,2175
2,2176
0,2177
4,2178
2,2179
0,2180
0,2181
1,2182
0,2183
0,2184
0,2185
0,2186
0,2187
0,2188
2,2189
0,2190
3,2191
2,2192
2,2193
2,2194
3,2195
3,2196
0,2197
0,2198
4,2199
0,2200
3,2201
0,2202
2,2203
0,2204
0,2205
4,2206
0,2207
3,2208
1,2209
0,2210
0,2211
3,2212
0,2213
0,2214
3,2215
1,2216
3,2217
4,2218
0,2219
4,2220
0,2221
3,2222
3,2223
4,2224
1,2225
1,2226
1,2227
4,2228
0,2229
3,2230
0,2231
3,2232
3,2233
0,2234
4,2235
2,2236
4,2237
0,2238
3,2239
2,2240
2,2241
4,2242
1,2243
3,2244
4,2245
1,2246
2,2247
2,2248
0,2249
3,2250
2,2251
2,2252
1,2253
0,2254
3,2255
2,2256
4,2257
0,2258
0,2259
4,2260
3,2261
2,2262
4,2263
1,2264
2,2265
0,2266
2,2267
3,2268
4,2269
3,2270
4,2271
4,2272
2,2273
2,2274
0,2275
1,2276
1,2277
0,2278
0,2279
0,2280
0,2281
3,2282
4,2283
2,2284
0,2285
3,2286
2,2287
2,2288
3,2289
0,2290
4,2291
3,2292
3,2293
2,2294
0,2295
2,2296
0,2297
2,2298
0,2299
3,2300
0,2301
4,2302
2,2303
2,2304
4,2305
1,2306
2,2307
2,2308
0,2309
2,2310
0,2311
3,2312
4,2313
0,2314
1,2315
4,2316
1,2317
3,2318
0,2319
4,2320
3,2321
2,2322
2,2323
2,2324
2,2325
0,2326
4,2327
3,2328
0,2329
0,2330
1,2331
4,2332
0,2333
2,2334
0,2335
1,2336
0,2337
0,2338
0,2339
2,2340
3,2341
3,2342
0,2343
4,2344
3,2345
1,2346
2,2347
2,2348
2,2349
3,2350
0,2351
1,2352
4,2353
3,2354
4,2355
0,2356
4,2357
0,2358
1,2359
2,2360
3,2361
0,2362
3,2363
2,2364
0,2365
4,2366
0,2367
2,2368
4,2369
3,2370
1,2371
0,2372
0,2373
3,2374
3,2375
4,2376
2,2377
1,2378
0,2379
2,2380
2,2381
3,2382
2,2383
4,2384
2,2385
0,2386
3,2387
3,2388
3,2389
3,2390
1,2391
3,2392
1,2393
0,2394
4,2395
2,2396
4,2397
4,2398
0,2399
0,2400
1,2401
0,2402
4,2403
1,2404
3,2405
0,2406
0,2407
4,2408
4,2409
0,2410
3,2411
0,2412
4,2413
0,2414
3,2415
1,2416
4,2417
0,2418
0,2419
2,2420
2,2421
3,2422
0,2423
3,2424
2,2425
3,2426
4,2427
3,2428
2,2429
3,2430
3,2431
2,2432
1,2433
2,2434
0,2435
1,2436
3,2437
0,2438
0,2439
0,2440
0,2441
4,2442
0,2443
4,2444
0,2445
0,2446
0,2447
1,2448
2,2449
0,2450
3,2451
4,2452
2,2453
0,2454
1,2455
4,2456
3,2457
0,2458
0,2459
0,2460
4,2461
1,2462
0,2463
1,2464
4,2465
2,2466
1,2467
1,2468
1,2469
0,2470
3,2471
2,2472
0,2473
0,2474
0,2475
0,2476
1,2477
4,2478
3,2479
4,2480
1,2481
3,2482
3,2483
0,2484
4,2485
0,2486
3,2487
0,2488
1,2489
0,2490
2,2491
1,2492
0,2493
2,2494
2,2495
0,2496
2,2497
2,2498
3,2499
0,2500
0,2501
2,2502
3,2503
0,2504
1,2505
0,2506
2,2507
1,2508
3,2509
3,2510
0,2511
2,2512
2,2513
2,2514
4,2515
1,2516
0,2517
1,2518
2,2519
1,2520
4,2521
3,2522
2,2523
0,2524
0,2525
2,2526
4,2527
0,2528
0,2529
1,2530
1,2531
2,2532
0,2533
0,2534
2,2535
4,2536
1,2537
3,2538
2,2539
3,2540
0,2541
2,2542
2,2543
4,2544
0,2545
0,2546
2,2547
2,2548
0,2549
4,2550
1,2551
0,2552
4,2553
1,2554
0,2555
1,2556
4,2557
2,2558
4,2559
0,2560
3,2561
1,2562
3,2563
2,2564
1,2565
2,2566
0,2567
0,2568
4,2569
2,2570
4,2571
0,2572
0,2573
3,2574
2,2575
4,2576
0,2577
1,2578
1,2579
0,2580
0,2581
2,2582
2,2583
4,2584
4,2585
1,2586
1,2587
0,2588
3,2589
3,2590
0,2591
1,2592
0,2593
0,2594
0,2595
0,2596
0,2597
0,2598
4,2599
0,2600
0,2601
1,2602
3,2603
2,2604
3,2605
1,2606
1,2607
2,2608
2,2609
3,2610
1,2611
1,2612
1,2613
0,2614
0,2615
2,2616
3,2617
2,2618
2,2619
0,2620
4,2621
2,2622
0,2623
0,2624
0,2625
0,2626
2,2627
0,2628
3,2629
4,2630
3,2631
0,2632
0,2633
3,2634
4,2635
1,2636
2,2637
3,2638
1,2639
0,2640
1,2641
4,2642
2,2643
3,2644
4,2645
0,2646
0,2647
4,2648
3,2649
4,2650
1,2651
0,2652
0,2653
3,2654
0,2655
2,2656
3,2657
2,2658
0,2659
4,2660
4,2661
3,2662
4,2663
3,2664
2,2665
3,2666
2,2667
2,2668
1,2669
0,2670
4,2671
4,2672
1,2673
0,2674
4,2675
0,2676
2,2677
1,2678
4,2679
0,2680
3,2681
0,2682
1,2683
0,2684
3,2685
0,2686
3,2687
2,2688
3,2689
0,2690
1,2691
4,2692
1,2693
2,2694
3,2695
0,2696
1,2697
1,2698
4,2699
4,2700
0,2701
2,2702
1,2703
0,2704
0,2705
2,2706
4,2707
0,2708
2,2709
4,2710
1,2711
3,2712
2,2713
3,2714
0,2715
0,2716
3,2717
3,2718
2,2719
0,2720
2,2721
0,2722
2,2723
0,2724
2,2725
4,2726
2,2727
4,2728
4,2729
2,2730
2,2731
1,2732
0,2733
0,2734
1,2735
1,2736
0,2737
0,2738
3,2739
1,2740
1,2741
4,2742
4,2743
4,2744
2,2745
2,2746
4,2747
0,2748
0,2749
0,2750
0,2751
0,2752
3,2753
0,2754
2,2755
3,2756
4,2757
0,2758
3,2759
0,2760
0,2761
0,2762
2,2763
2,2764
3,2765
1,2766
2,2767
0,2768
1,2769
4,2770
0,2771
4,2772
4,2773
4,2774
4,2775
4,2776
0,2777
2,2778
0,2779
3,2780
4,2781
2,2782
3,2783
1,2784
3,2785
2,2786
4,2787
3,2788
0,2789
3,2790
2,2791
0,2792
0,2793
1,2794
2,2795
0,2796
2,2797
0,2798
0,2799
2,2800
2,2801
1,2802
2,2803
3,2804
2,2805
2,2806
4,2807
3,2808
2,2809
2,2810
0,2811
4,2812
3,2813
1,2814
0,2815
4,2816
0,2817
3,2818
3,2819
3,2820
4,2821
3,2822
2,2823
4,2824
4,2825
3,2826
0,2827
3,2828
2,2829
3,2830
4,2831
4,2832
2,2833
0,2834
4,2835
0,2836
1,2837
2,2838
4,2839
4,2840
1,2841
3,2842
1,2843
0,2844
1,2845
0,2846
3,2847
1,2848
3,2849
0,2850
3,2851
4,2852
0,2853
1,2854
0,2855
0,2856
2,2857
0,2858
1,2859
0,2860
4,2861
0,2862
0,2863
2,2864
0,2865
4,2866
1,2867
2,2868
0,2869
0,2870
1,2871
1,2872
0,2873
2,2874
0,2875
1,2876
1,2877
0,2878
0,2879
1,2880
0,2881
3,2882
2,2883
0,2884
2,2885
4,2886
0,2887
1,2888
4,2889
1,2890
2,2891
0,2892
3,2893
2,2894
0,2895
4,2896
1,2897
1,2898
4,2899
4,2900
2,2901
4,2902
3,2903
0,2904
2,2905
0,2906
2,2907
1,2908
0,2909
3,2910
4,2911
3,2912
0,2913
3,2914
2,2915
2,2916
4,2917
1,2918
2,2919
1,2920
2,2921
0,2922
3,2923
2,2924
1,2925
1,2926
0,2927
4,2928
1,2929
1,2930
2,2931
3,2932
1,2933
2,2934
4,2935
1,2936
0,2937
0,2938
2,2939
0,2940
2,2941
2,2942
4,2943
1,2944
1,2945
1,2946
1,2947
0,2948
0,2949
3,2950
2,2951
3,2952
2,2953
2,2954
3,2955
0,2956
4,2957
2,2958
3,2959
2,2960
2,2961
0,2962
1,2963
3,2964
2,2965
2,2966
2,2967
3,2968
0,2969
2,2970
3,2971
4,2972
3,2973
4,2974
0,2975
0,2976
1,2977
3,2978
3,2979
0,2980
2,2981
2,2982
3,2983
4,2984
0,2985
0,2986
3,2987
3,2988
1,2989
0,2990
0,2991
4,2992
2,2993
0,2994
2,2995
1,2996
0,2997
1,2998
0,2999
0,3000
3,3001
2,3002
0,3003
0,3004
0,3005
4,3006
1,3007
3,3008
1,3009
3,3010
4,3011
2,3012
1,3013
1,3014
3,3015
4,3016
1,3017
0,3018
3,3019
0,3020
0,3021
3,3022
2,3023
0,3024
2,3025
1,3026
3,3027
0,3028
3,3029
3,3030
0,3031
1,3032
1,3033
0,3034
2,3035
0,3036
4,3037
0,3038
0,3039
3,3040
2,3041
4,3042
4,3043
1,3044
1,3045
1,3046
3,3047
0,3048
2,3049
1,3050
0,3051
0,3052
3,3053
4,3054
0,3055
0,3056
1,3057
1,3058
4,3059
0,3060
0,3061
0,3062
0,3063
4,3064
0,3065
3,3066
1,3067
2,3068
0,3069
3,3070
0,3071
1,3072
0,3073
0,3074
0,3075
0,3076
2,3077
2,3078
2,3079
0,3080
2,3081
0,3082
4,3083
3,3084
1,3085
4,3086
3,3087
3,3088
3,3089
4,3090
0,3091
0,3092
0,3093
2,3094
3,3095
1,3096
0,3097
0,3098
2,3099
0,3100
0,3101
1,3102
0,3103
4,3104
0,3105
3,3106
2,3107
3,3108
0,3109
4,3110
0,3111
1,3112
3,3113
1,3114
0,3115
2,3116
1,3117
1,3118
0,3119
2,3120
0,3121
0,3122
4,3123
0,3124
1,3125
0,3126
2,3127
1,3128
1,3129
3,3130
3,3131
3,3132
0,3133
0,3134
4,3135
2,3136
0,3137
2,3138
3,3139
3,3140
0,3141
4,3142
0,3143
2,3144
2,3145
0,3146
2,3147
0,3148
1,3149
3,3150
4,3151
3,3152
0,3153
0,3154
0,3155
4,3156
2,3157
3,3158
0,3159
4,3160
1,3161
4,3162
0,3163
4,3164
0,3165
0,3166
2,3167
0,3168
2,3169
1,3170
2,3171
1,3172
0,3173
4,3174
3,3175
3,3176
1,3177
1,3178
2,3179
1,3180
0,3181
2,3182
4,3183
0,3184
2,3185
1,3186
0,3187
0,3188
1,3189
0,3190
4,3191
4,3192
4,3193
3,3194
2,3195
0,3196
0,3197
0,3198
0,3199
0,3200
3,3201
1,3202
1,3203
3,3204
3,3205
1,3206
1,3207
1,3208
2,3209
3,3210
4,3211
1,3212
0,3213
1,3214
1,3215
0,3216
1,3217
3,3218
3,3219
0,3220
4,3221
4,3222
0,3223
0,3224
0,3225
3,3226
4,3227
1,3228
0,3229
3,3230
2,3231
0,3232
0,3233
4,3234
0,3235
1,3236
1,3237
0,3238
0,3239
0,3240
0,3241
2,3242
4,3243
1,3244
2,3245
2,3246
2,3247
3,3248
4,3249
0,3250
0,3251
0,3252
2,3253
2,3254
3,3255
4,3256
3,3257
0,3258
0,3259
4,3260
0,3261
0,3262
1,3263
0,3264
2,3265
3,3266
0,3267
4,3268
0,3269
1,3270
3,3271
1,3272
0,3273
1,3274
1,3275
2,3276
0,3277
3,3278
0,3279
1,3280
3,3281
0,3282
4,3283
3,3284
1,3285
2,3286
0,3287
0,3288
0,3289
0,3290
4,3291
0,3292
1,3293
0,3294
3,3295
2,3296
0,3297
2,3298
4,3299
4,3300
0,3301
0,3302
1,3303
4,3304
0,3305
4,3306
0,3307
2,3308
2,3309
2,3310
2,3311
0,3312
0,3313
3,3314
4,3315
0,3316
0,3317
1,3318
3,3319
3,3320
4,3321
1,3322
2,3323
2,3324
0,3325
0,3326
4,3327
0,3328
1,3329
3,3330
2,3331
1,3332
1,3333
4,3334
2,3335
1,3336
3,3337
0,3338
4,3339
0,3340
0,3341
0,3342
4,3343
0,3344
1,3345
2,3346
0,3347
0,3348
2,3349
0,3350
4,3351
2,3352
4,3353
3,3354
1,3355
2,3356
4,3357
0,3358
0,3359
3,3360
0,3361
0,3362
3,3363
2,3364
2,3365
0,3366
3,3367
1,3368
0,3369
1,3370
4,3371
0,3372
3,3373
1,3374
2,3375
3,3376
3,3377
3,3378
0,3379
1,3380
2,3381
4,3382
3,3383
4,3384
3,3385
3,3386
0,3387
0,3388
4,3389
2,3390
2,3391
2,3392
3,3393
0,3394
1,3395
3,3396
4,3397
0,3398
0,3399
3,3400
1,3401
0,3402
0,3403
2,3404
0,3405
3,3406
0,3407
1,3408
0,3409
2,3410
0,3411
0,3412
3,3413
0,3414
1,3415
1,3416
3,3417
4,3418
1,3419
4,3420
3,3421
3,3422
1,3423
0,3424
3,3425
1,3426
0,3427
0,3428
4,3429
0,3430
2,3431
4,3432
4,3433
1,3434
0,3435
0,3436
1,3437
3,3438
0,3439
3,3440
1,3441
0,3442
0,3443
2,3444
1,3445
0,3446
2,3447
0,3448
2,3449
3,3450
0,3451
2,3452
2,3453
3,3454
1,3455
0,3456
3,3457
3,3458
2,3459
3,3460
1,3461
0,3462
2,3463
1,3464
1,3465
4,3466
0,3467
3,3468
0,3469
3,3470
1,3471
1,3472
0,3473
2,3474
0,3475
3,3476
4,3477
1,3478
1,3479
2,3480
0,3481
2,3482
3,3483
2,3484
2,3485
1,3486
0,3487
1,3488
3,3489
1,3490
0,3491
0,3492
1,3493
4,3494
0,3495
4,3496
2,3497
2,3498
2,3499
1,3500
0,3501
2,3502
3,3503
0,3504
1,3505
2,3506
0,3507
0,3508
4,3509
4,3510
3,3511
2,3512
3,3513
2,3514
0,3515
0,3516
0,3517
1,3518
0,3519
4,3520
1,3521
0,3522
2,3523
2,3524
3,3525
3,3526
0,3527
4,3528
3,3529
2,3530
4,3531
1,3532
0,3533
1,3534
0,3535
3,3536
3,3537
1,3538
1,3539
2,3540
2,3541
1,3542
3,3543
2,3544
1,3545
0,3546
4,3547
0,3548
0,3549
3,3550
2,3551
3,3552
3,3553
3,3554
3,3555
1,3556
4,3557
1,3558
4,3559
1,3560
2,3561
0,3562
3,3563
2,3564
2,3565
3,3566
4,3567
0,3568
0,3569
0,3570
4,3571
4,3572
0,3573
1,3574
2,3575
4,3576
4,3577
3,3578
0,3579
0,3580
0,3581
4,3582
0,3583
0,3584
1,3585
3,3586
0,3587
1,3588
4,3589
2,3590
3,3591
3,3592
3,3593
2,3594
3,3595
2,3596
1,3597
2,3598
4,3599
4,3600
3,3601
0,3602
4,3603
2,3604
2,3605
1,3606
4,3607
4,3608
0,3609
0,3610
4,3611
3,3612
4,3613
3,3614
3,3615
1,3616
0,3617
2,3618
3,3619
3,3620
3,3621
3,3622
4,3623
3,3624
4,3625
3,3626
0,3627
2,3628
0,3629
0,3630
3,3631
4,3632
3,3633
0,3634
0,3635
1,3636
0,3637
0,3638
3,3639
0,3640
2,3641
3,3642
0,3643
1,3644
0,3645
0,3646
1,3647
0,3648
1,3649
3,3650
3,3651
0,3652
4,3653
1,3654
0,3655
2,3656
0,3657
2,3658
2,3659
3,3660
2,3661
3,3662
2,3663
3,3664
1,3665
0,3666
4,3667
2,3668
3,3669
